20,"V
"
20,"V
"
20,"V
"
20,"V
"
20,"V
"
20,"V
"
20,"V
"
20,"V
"
20,"V
"
20,"V
"
20,"V
"
20,"V
"
20,"V
"
20,"V
"
20,"V
"
20,"V
"
20,"V
"
20,"V
"
20,"V
"
20,"V
"
20,"V
"
20,"V
"
20,"V
"
20,"V
"
20,"V
"
20,"V
"
20,"V
"
20,"V
"
20,"V
"
20,"V
"
20,"V
"
20,"V
"
16,"V
"
16,"V
"
16,"V
"
16,"V
"
16,"V
"
16,"V
"
16,"V
"
16,"V
"
16,"V
"
16,"V
"
16,"V
"
16,"V
"
16,"V
"
16,"V
"
16,"V
"
16,"V
"
16,"V
"
16,"V
"
16,"V
"
16,"V
"
16,"V
"
16,"V
"
16,"V
"
16,"V
"
16,"V
"
16,"V
"
16,"V
"
16,"V
"
16,"V
"
16,"V
"
16,"V
"
16,"V
"
16,"V
"
16,"V
"
16,"V
"
16,"V
"
16,"V
"
15,"V
"
12,"V
"
12,"V
"
12,"V
"
8,"V
"
8,"V
"
8,"V
"
8,"V
"
8,"V
"
8,"V
"
8,"V
"
8,"V
"
8,"V
"
8,"V
"
8,"V
"
8,"V
"
8,"V
"
8,"V
"
8,"V
"
8,"V
"
8,"V
"
8,"V
"
8,"V
"
8,"V
"
8,"V
"
8,"V
"
8,"V
"
8,"V
"
8,"V
"
8,"V
"
8,"V
"
8,"V
"
8,"V
"
8,"V
"
8,"V
"
8,"V
"
8,"V
"
8,"V
"
8,"V
"
8,"V
"
8,"V
"
8,"V
"
8,"V
"
8,"V
"
8,"V
"
8,"V
"
8,"V
"
8,"V
"
8,"V
"
8,"V
"
8,"V
"
8,"V
"
8,"V
"
8,"V
"
8,"V
"
8,"V
"
8,"V
"
8,"V
"
8,"V
"
8,"V
"
8,"V
"
8,"V
"
8,"V
"
8,"V
"
8,"V
"
8,"V
"
8,"V
"
8,"V
"
8,"V
"
8,"V
"
8,"V
"
8,"V
"
8,"V
"
8,"V
"
8,"V
"
8,"V
"
8,"V
"
8,"V
"
